<?xml version="1.0" encoding="UTF-8"?>
<project-private xmlns="http://www.netbeans.org/ns/project-private/1">
    <editor-bookmarks xmlns="http://www.netbeans.org/ns/editor-bookmarks/2" lastBookmarkId="0"/>
    <open-files xmlns="http://www.netbeans.org/ns/projectui-open-files/2">
        <group>
            <file>file:/home/dios/Code/joantiscar/faenaJava/MP6-UF2-Pt3_JoanTiscar/src/controller/Controller.java</file>
            <file>file:/home/dios/Code/joantiscar/faenaJava/MP6-UF2-Pt3_JoanTiscar/src/main/MP6UF2Pt3_JoanTiscar.java</file>
            <file>file:/home/dios/Code/joantiscar/faenaJava/MP6-UF2-Pt3_JoanTiscar/src/model/Model.java</file>
        </group>
    </open-files>
</project-private>
