<?xml version="1.0" encoding="UTF-8"?>
<project-private xmlns="http://www.netbeans.org/ns/project-private/1">
    <editor-bookmarks xmlns="http://www.netbeans.org/ns/editor-bookmarks/2" lastBookmarkId="0"/>
    <open-files xmlns="http://www.netbeans.org/ns/projectui-open-files/2">
        <group>
            <file>file:/home/dios/Code/joantiscar/faenaJava/Pt3%20-%20accès%20a%20MongoDB%20des%20de%20Java/src/model/Model.java</file>
            <file>file:/home/dios/Code/joantiscar/faenaJava/Pt3%20-%20accès%20a%20MongoDB%20des%20de%20Java/src/vista/Vista.java</file>
            <file>file:/home/dios/Code/joantiscar/faenaJava/Pt3%20-%20accès%20a%20MongoDB%20des%20de%20Java/src/main/Main.java</file>
            <file>file:/home/dios/Code/joantiscar/faenaJava/Pt3%20-%20accès%20a%20MongoDB%20des%20de%20Java/src/controller/Controller.java</file>
        </group>
    </open-files>
</project-private>
