<?xml version="1.0" encoding="UTF-8"?>
<project-private xmlns="http://www.netbeans.org/ns/project-private/1">
    <editor-bookmarks xmlns="http://www.netbeans.org/ns/editor-bookmarks/2" lastBookmarkId="0"/>
    <open-files xmlns="http://www.netbeans.org/ns/projectui-open-files/2">
        <group>
            <file>file:/home/becari/Code/joantiscar/faenaJava/Pr3%20-%20Creant%20un%20bean%20d'accés%20a%20dades/src/model/ModelBeanInfo.java</file>
            <file>file:/home/becari/Code/joantiscar/faenaJava/Pr3%20-%20Creant%20un%20bean%20d'accés%20a%20dades/src/model/Model.java</file>
        </group>
    </open-files>
</project-private>
