<?xml version="1.0" encoding="UTF-8"?>
<project-private xmlns="http://www.netbeans.org/ns/project-private/1">
    <editor-bookmarks xmlns="http://www.netbeans.org/ns/editor-bookmarks/2" lastBookmarkId="0"/>
    <open-files xmlns="http://www.netbeans.org/ns/projectui-open-files/2">
        <group>
            <file>file:/home/dios/NetBeansProjects/Pt1%20Gestió%20d'una%20BD%20en%20MVC%20i%20MySQL/src/view/View.java</file>
            <file>file:/home/dios/NetBeansProjects/Pt1%20Gestió%20d'una%20BD%20en%20MVC%20i%20MySQL/src/pt1/Pt1.java</file>
        </group>
    </open-files>
</project-private>
