<?xml version="1.0" encoding="UTF-8"?>
<project-private xmlns="http://www.netbeans.org/ns/project-private/1">
    <editor-bookmarks xmlns="http://www.netbeans.org/ns/editor-bookmarks/2" lastBookmarkId="0"/>
    <open-files xmlns="http://www.netbeans.org/ns/projectui-open-files/2">
        <group>
            <file>file:/home/dios/NetBeansProjects/Pt5.%20db4o/src/pt5/db4o/Album.java</file>
            <file>file:/home/dios/NetBeansProjects/Pt5.%20db4o/src/pt5/db4o/Cancion.java</file>
            <file>file:/home/dios/NetBeansProjects/Pt5.%20db4o/src/pt5/db4o/Pt5Db4o.java</file>
        </group>
    </open-files>
</project-private>
